fold,sample_index,true_label,predicted_label,predicted_prob,model
1,0,1,1,1.0,Random_Forest
1,1,1,1,0.84,Random_Forest
1,2,1,1,0.99,Random_Forest
1,3,1,1,0.92,Random_Forest
1,4,0,0,0.030173037791593797,Random_Forest
1,5,1,0,0.47036553524804176,Random_Forest
1,6,1,1,0.99,Random_Forest
1,7,1,1,1.0,Random_Forest
1,8,1,1,0.84,Random_Forest
1,9,1,1,0.9711586107620417,Random_Forest
1,10,0,0,0.0,Random_Forest
1,11,0,1,0.5991080806902266,Random_Forest
1,12,1,1,0.9807507922320631,Random_Forest
1,13,1,1,0.883720655208624,Random_Forest
1,14,1,1,0.95,Random_Forest
1,15,1,1,0.805,Random_Forest
1,16,0,1,0.942039415577143,Random_Forest
1,17,0,0,0.29421484379338514,Random_Forest
1,18,1,1,0.8603626943005181,Random_Forest
1,19,1,0,0.24683301893409965,Random_Forest
1,20,0,0,0.0,Random_Forest
1,21,1,1,0.99,Random_Forest
1,22,1,1,1.0,Random_Forest
1,23,1,1,1.0,Random_Forest
1,24,0,0,0.14057338545149936,Random_Forest
1,25,1,0,0.030173037791593797,Random_Forest
1,26,1,1,1.0,Random_Forest
1,27,1,1,0.8448825518339685,Random_Forest
1,28,0,0,0.030173037791593797,Random_Forest
1,29,0,1,0.9902948402948403,Random_Forest
1,30,1,1,0.93,Random_Forest
1,31,1,1,0.99,Random_Forest
1,32,1,1,1.0,Random_Forest
1,33,0,0,0.039807502543552024,Random_Forest
1,34,1,1,1.0,Random_Forest
1,35,1,1,0.6528890474026735,Random_Forest
1,36,1,1,0.9903385416666667,Random_Forest
1,37,0,0,0.030173037791593797,Random_Forest
1,38,1,1,0.95,Random_Forest
1,39,1,1,0.95,Random_Forest
1,40,1,1,1.0,Random_Forest
1,41,1,1,1.0,Random_Forest
1,42,1,1,0.99,Random_Forest
1,43,1,1,1.0,Random_Forest
1,44,0,0,0.030173037791593797,Random_Forest
1,45,1,1,0.9902948402948403,Random_Forest
1,46,1,0,0.059189887458643425,Random_Forest
1,47,0,0,0.0009495672670982269,Random_Forest
1,48,1,1,0.99,Random_Forest
1,49,0,1,0.97,Random_Forest
1,50,1,1,0.854534958251081,Random_Forest
1,51,1,1,0.990379746835443,Random_Forest
1,52,1,1,0.86,Random_Forest
1,53,1,1,0.9957142857142857,Random_Forest
1,54,1,1,0.77,Random_Forest
1,55,1,1,0.5020089830542704,Random_Forest
1,56,1,0,0.47683066292816867,Random_Forest
1,57,1,1,0.85015,Random_Forest
1,58,1,1,0.86,Random_Forest
1,59,1,1,0.9902659574468085,Random_Forest
1,60,1,1,0.9710184840476134,Random_Forest
1,61,0,0,0.030173037791593797,Random_Forest
1,62,1,1,0.94,Random_Forest
1,63,0,0,0.030173037791593797,Random_Forest
1,64,1,1,0.99,Random_Forest
1,65,0,0,0.030173037791593797,Random_Forest
1,66,1,1,0.86,Random_Forest
1,67,1,1,0.9515668980006007,Random_Forest
1,68,1,1,1.0,Random_Forest
1,69,1,1,0.8742031605929695,Random_Forest
1,70,0,1,0.98,Random_Forest
1,71,1,0,0.3793793352543474,Random_Forest
1,72,1,1,0.8125909237321634,Random_Forest
1,73,1,1,0.7000997250256026,Random_Forest
1,74,0,0,0.030173037791593797,Random_Forest
1,75,1,1,0.7383179546706259,Random_Forest
1,76,1,1,1.0,Random_Forest
1,77,1,1,0.95,Random_Forest
1,78,0,0,0.030173037791593797,Random_Forest
1,79,1,1,0.97,Random_Forest
1,80,1,1,0.9806968845318806,Random_Forest
1,81,1,0,0.44523111131541593,Random_Forest
1,82,0,0,0.030173037791593797,Random_Forest
1,83,1,1,0.97,Random_Forest
1,84,1,1,0.97,Random_Forest
1,85,1,0,0.24,Random_Forest
1,86,1,1,0.9703795918367346,Random_Forest
1,87,0,1,0.6223003144918837,Random_Forest
1,88,1,1,0.5341116836593338,Random_Forest
1,89,1,1,0.93,Random_Forest
1,90,0,0,0.12057092603694194,Random_Forest
1,91,1,1,1.0,Random_Forest
1,92,1,1,0.9305820206152055,Random_Forest
1,93,1,1,0.94,Random_Forest
1,94,1,1,0.9705124001681378,Random_Forest
1,95,1,1,0.960320987654321,Random_Forest
1,96,1,1,0.99,Random_Forest
1,97,1,1,1.0,Random_Forest
1,98,0,0,0.09726513613940577,Random_Forest
1,99,0,0,0.0,Random_Forest
1,100,1,1,0.97,Random_Forest
1,101,1,1,0.92,Random_Forest
1,102,1,1,0.9409115985597301,Random_Forest
1,103,1,1,1.0,Random_Forest
1,104,0,0,0.030173037791593797,Random_Forest
1,105,1,1,0.9902659574468085,Random_Forest
1,106,0,1,0.58,Random_Forest
1,107,1,1,0.96,Random_Forest
1,108,1,1,1.0,Random_Forest
1,109,1,1,1.0,Random_Forest
1,110,1,1,0.871337092841219,Random_Forest
1,111,1,1,0.9806512211682887,Random_Forest
1,112,1,1,0.94,Random_Forest
1,113,1,1,0.9771334491243308,Random_Forest
1,114,1,1,0.97,Random_Forest
1,115,0,1,0.92,Random_Forest
1,116,1,0,0.030173037791593797,Random_Forest
1,117,0,0,0.0,Random_Forest
1,118,0,0,0.030173037791593797,Random_Forest
1,119,0,0,0.1,Random_Forest
1,120,1,1,0.9508523778981897,Random_Forest
1,121,1,1,1.0,Random_Forest
1,122,1,1,0.9323155948194972,Random_Forest
1,123,1,1,0.98,Random_Forest
1,124,1,1,0.8635653683491382,Random_Forest
1,125,1,1,0.7324600766502644,Random_Forest
1,126,1,1,1.0,Random_Forest
1,127,0,0,0.0,Random_Forest
1,128,1,1,0.942039415577143,Random_Forest
1,129,1,1,0.8617588652482269,Random_Forest
1,130,0,1,0.5233114536254085,Random_Forest
1,131,1,1,1.0,Random_Forest
1,132,0,0,0.1325145415235216,Random_Forest
1,133,1,1,0.9533333333333335,Random_Forest
1,134,0,0,0.4496127907047289,Random_Forest
1,135,1,1,0.99,Random_Forest
1,136,1,1,0.93,Random_Forest
1,137,1,0,0.4634632034632035,Random_Forest
1,138,1,1,1.0,Random_Forest
1,139,1,1,1.0,Random_Forest
1,140,1,1,1.0,Random_Forest
1,141,1,1,0.6724314993110503,Random_Forest
1,142,1,1,0.98,Random_Forest
1,143,1,1,0.89,Random_Forest
1,144,0,0,0.0,Random_Forest
1,145,1,1,0.9128982393718471,Random_Forest
1,146,0,0,0.030173037791593797,Random_Forest
1,147,1,1,0.9805987309611938,Random_Forest
1,148,0,0,0.02,Random_Forest
1,149,1,1,0.8043482549048468,Random_Forest
1,150,1,1,0.6526363636363637,Random_Forest
1,151,0,0,0.042131990436672886,Random_Forest
1,152,1,1,0.88,Random_Forest
1,153,1,1,0.94,Random_Forest
1,154,1,1,1.0,Random_Forest
1,155,1,0,0.4668410907208295,Random_Forest
1,156,1,1,0.55,Random_Forest
1,157,1,1,0.98,Random_Forest
1,158,1,1,0.8641859330002488,Random_Forest
1,159,1,1,0.9301507537688443,Random_Forest
1,160,0,1,0.8738994972274199,Random_Forest
1,161,1,1,0.89,Random_Forest
1,162,1,1,0.9,Random_Forest
1,163,1,1,1.0,Random_Forest
1,164,0,0,0.030173037791593797,Random_Forest
1,165,0,0,0.030173037791593797,Random_Forest
1,166,0,0,0.030173037791593797,Random_Forest
1,167,1,1,0.7706575345953585,Random_Forest
1,168,1,1,0.9658333333333333,Random_Forest
1,169,1,1,0.98,Random_Forest
1,170,1,1,0.97,Random_Forest
1,171,0,0,0.0,Random_Forest
1,172,1,0,0.1305456487956488,Random_Forest
1,173,1,1,0.99,Random_Forest
1,174,1,1,0.8928689523420953,Random_Forest
1,175,1,1,0.78,Random_Forest
1,176,1,1,0.98,Random_Forest
1,177,0,0,0.030173037791593797,Random_Forest
1,178,1,1,0.99,Random_Forest
1,179,1,0,0.20519254149165986,Random_Forest
1,180,1,1,0.99,Random_Forest
1,181,1,0,0.37,Random_Forest
1,182,0,0,0.0015119012116371596,Random_Forest
1,183,1,0,0.042131990436672886,Random_Forest
1,184,0,1,0.8413561859339816,Random_Forest
1,185,1,1,0.718752316555838,Random_Forest
1,186,1,1,0.9514460752863421,Random_Forest
1,187,1,1,0.9508423877866141,Random_Forest
2,0,0,0,0.0,Random_Forest
2,1,1,1,0.98,Random_Forest
2,2,0,0,0.49,Random_Forest
2,3,1,1,0.9901421800947867,Random_Forest
2,4,1,1,0.8928714450933768,Random_Forest
2,5,1,1,1.0,Random_Forest
2,6,1,1,0.759,Random_Forest
2,7,0,0,0.02367609943719727,Random_Forest
2,8,1,1,0.9705414716190848,Random_Forest
2,9,1,1,0.93,Random_Forest
2,10,1,1,0.98,Random_Forest
2,11,1,1,0.97,Random_Forest
2,12,1,1,0.8046672544080716,Random_Forest
2,13,0,0,0.0,Random_Forest
2,14,0,0,0.02367609943719727,Random_Forest
2,15,1,1,0.740311004784689,Random_Forest
2,16,0,0,0.008351599469505587,Random_Forest
2,17,1,1,1.0,Random_Forest
2,18,1,1,0.98,Random_Forest
2,19,1,1,0.98,Random_Forest
2,20,0,0,0.07,Random_Forest
2,21,1,1,0.59,Random_Forest
2,22,1,1,0.7266205792423465,Random_Forest
2,23,1,1,0.9404489558645978,Random_Forest
2,24,0,0,0.01,Random_Forest
2,25,1,1,1.0,Random_Forest
2,26,1,1,1.0,Random_Forest
2,27,0,0,0.02367609943719727,Random_Forest
2,28,1,1,1.0,Random_Forest
2,29,1,1,1.0,Random_Forest
2,30,1,1,0.8435297478543969,Random_Forest
2,31,0,0,0.0,Random_Forest
2,32,0,0,0.008351599469505587,Random_Forest
2,33,0,0,0.02367609943719727,Random_Forest
2,34,1,1,0.9804357206510015,Random_Forest
2,35,1,1,0.95,Random_Forest
2,36,0,0,0.05,Random_Forest
2,37,0,0,0.02367609943719727,Random_Forest
2,38,1,1,0.99,Random_Forest
2,39,1,1,0.99,Random_Forest
2,40,1,1,1.0,Random_Forest
2,41,1,1,1.0,Random_Forest
2,42,1,1,0.9316120681386849,Random_Forest
2,43,1,1,0.99,Random_Forest
2,44,1,1,0.7070902472001549,Random_Forest
2,45,1,1,0.91,Random_Forest
2,46,1,1,0.98,Random_Forest
2,47,1,1,0.990253807106599,Random_Forest
2,48,1,0,0.3223548009367681,Random_Forest
2,49,0,0,0.02367609943719727,Random_Forest
2,50,1,1,0.7460097323347162,Random_Forest
2,51,0,0,0.02367609943719727,Random_Forest
2,52,1,1,0.97,Random_Forest
2,53,1,0,0.02367609943719727,Random_Forest
2,54,1,1,0.99,Random_Forest
2,55,0,0,0.02367609943719727,Random_Forest
2,56,1,1,1.0,Random_Forest
2,57,0,0,0.28833333333333333,Random_Forest
2,58,0,0,0.38041574738003314,Random_Forest
2,59,1,1,1.0,Random_Forest
2,60,1,1,0.98,Random_Forest
2,61,1,0,0.06137521195228407,Random_Forest
2,62,0,0,0.02367609943719727,Random_Forest
2,63,1,1,0.9990000000000001,Random_Forest
2,64,1,1,0.6213492063492063,Random_Forest
2,65,1,1,0.9002369668246445,Random_Forest
2,66,1,1,0.81,Random_Forest
2,67,0,0,0.02367609943719727,Random_Forest
2,68,0,0,0.02367609943719727,Random_Forest
2,69,0,0,0.0,Random_Forest
2,70,1,1,0.9804363661065129,Random_Forest
2,71,1,1,0.86,Random_Forest
2,72,1,1,0.9804790129121895,Random_Forest
2,73,0,0,0.0,Random_Forest
2,74,1,1,0.98,Random_Forest
2,75,1,1,0.7756751856932472,Random_Forest
2,76,1,1,0.6,Random_Forest
2,77,1,1,0.8290000000000001,Random_Forest
2,78,1,1,0.77,Random_Forest
2,79,1,1,1.0,Random_Forest
2,80,1,1,0.9512689621469668,Random_Forest
2,81,0,0,0.02367609943719727,Random_Forest
2,82,1,1,1.0,Random_Forest
2,83,0,0,0.23,Random_Forest
2,84,1,0,0.04304983820865977,Random_Forest
2,85,1,0,0.11212587929597163,Random_Forest
2,86,1,1,1.0,Random_Forest
2,87,1,1,0.99,Random_Forest
2,88,0,0,0.02,Random_Forest
2,89,1,1,0.88,Random_Forest
2,90,1,1,0.8729562157792432,Random_Forest
2,91,1,1,0.7093333333333334,Random_Forest
2,92,1,1,0.99,Random_Forest
2,93,1,1,0.9504252986272251,Random_Forest
2,94,1,1,0.99,Random_Forest
2,95,0,1,0.99,Random_Forest
2,96,1,1,1.0,Random_Forest
2,97,1,1,0.98,Random_Forest
2,98,1,1,1.0,Random_Forest
2,99,1,1,0.98,Random_Forest
2,100,1,0,0.02367609943719727,Random_Forest
2,101,1,1,0.6035555555555555,Random_Forest
2,102,1,1,0.9313606565843006,Random_Forest
2,103,1,1,0.5810203227612116,Random_Forest
2,104,1,1,0.6379568501160288,Random_Forest
2,105,0,0,0.02367609943719727,Random_Forest
2,106,1,1,1.0,Random_Forest
2,107,1,1,0.9806214541654225,Random_Forest
2,108,0,0,0.10372564795063509,Random_Forest
2,109,1,1,0.99,Random_Forest
2,110,1,1,0.9501421800947867,Random_Forest
2,111,1,1,0.9303000468823254,Random_Forest
2,112,1,1,0.6687055270050809,Random_Forest
2,113,1,1,0.990253807106599,Random_Forest
2,114,0,0,0.02367609943719727,Random_Forest
2,115,1,0,0.36359061198153725,Random_Forest
2,116,1,1,1.0,Random_Forest
2,117,1,1,0.79,Random_Forest
2,118,0,0,0.0,Random_Forest
2,119,1,1,0.8534276865345164,Random_Forest
2,120,1,1,0.9709842659568056,Random_Forest
2,121,1,1,0.94,Random_Forest
2,122,1,1,1.0,Random_Forest
2,123,1,0,0.499,Random_Forest
2,124,1,1,0.9402606635071089,Random_Forest
2,125,1,1,0.97,Random_Forest
2,126,0,0,0.02367609943719727,Random_Forest
2,127,1,1,0.99,Random_Forest
2,128,1,1,0.62,Random_Forest
2,129,0,0,0.0,Random_Forest
2,130,1,1,0.5410911465367892,Random_Forest
2,131,1,0,0.02367609943719727,Random_Forest
2,132,0,0,0.17957094388531722,Random_Forest
2,133,1,1,0.8438066743255739,Random_Forest
2,134,1,1,0.85,Random_Forest
2,135,1,1,0.9606277828798655,Random_Forest
2,136,0,0,0.01436980647300645,Random_Forest
2,137,1,1,0.7915656807125567,Random_Forest
2,138,1,1,0.8135732575822368,Random_Forest
2,139,1,1,0.9223688784923978,Random_Forest
2,140,1,1,0.91,Random_Forest
2,141,1,1,0.96,Random_Forest
2,142,1,1,0.98,Random_Forest
2,143,1,1,0.75,Random_Forest
2,144,1,1,0.96,Random_Forest
2,145,1,1,0.99,Random_Forest
2,146,0,0,0.0,Random_Forest
2,147,0,0,0.0,Random_Forest
2,148,1,1,0.91,Random_Forest
2,149,1,1,0.8207407407407408,Random_Forest
2,150,1,0,0.12690942390942384,Random_Forest
2,151,1,1,0.6185714285714287,Random_Forest
2,152,1,1,0.9704252986272252,Random_Forest
2,153,1,1,0.91,Random_Forest
2,154,1,1,0.84,Random_Forest
2,155,1,1,1.0,Random_Forest
2,156,1,1,0.8726666666666667,Random_Forest
2,157,0,0,0.10372564795063509,Random_Forest
2,158,1,1,0.6908888888888888,Random_Forest
2,159,1,1,0.72,Random_Forest
2,160,1,1,0.9705414716190848,Random_Forest
2,161,1,1,0.96,Random_Forest
2,162,1,1,0.809,Random_Forest
2,163,1,1,0.7363492063492063,Random_Forest
2,164,1,0,0.02367609943719727,Random_Forest
2,165,1,1,0.98,Random_Forest
2,166,0,0,0.02367609943719727,Random_Forest
2,167,0,1,0.930644803191089,Random_Forest
2,168,0,0,0.407,Random_Forest
2,169,0,0,0.0,Random_Forest
2,170,0,0,0.31,Random_Forest
2,171,1,1,0.95,Random_Forest
2,172,0,1,0.62,Random_Forest
2,173,0,0,0.10372564795063509,Random_Forest
2,174,1,1,0.98,Random_Forest
2,175,1,1,0.9091190476190478,Random_Forest
2,176,1,1,1.0,Random_Forest
2,177,1,1,1.0,Random_Forest
2,178,1,1,1.0,Random_Forest
2,179,0,0,0.02367609943719727,Random_Forest
2,180,1,0,0.17858498881815532,Random_Forest
2,181,1,1,0.98,Random_Forest
2,182,1,1,0.96,Random_Forest
2,183,1,1,0.97,Random_Forest
2,184,1,1,1.0,Random_Forest
2,185,1,1,1.0,Random_Forest
2,186,1,1,0.93,Random_Forest
2,187,1,1,0.9707115625012435,Random_Forest
3,0,1,1,0.9317857142857143,Random_Forest
3,1,1,0,0.08031023493990304,Random_Forest
3,2,1,1,1.0,Random_Forest
3,3,1,1,0.9,Random_Forest
3,4,1,1,1.0,Random_Forest
3,5,1,1,0.96,Random_Forest
3,6,1,1,0.97,Random_Forest
3,7,1,0,0.43214377055169906,Random_Forest
3,8,1,1,0.9085714285714286,Random_Forest
3,9,1,1,1.0,Random_Forest
3,10,1,1,0.980600505213372,Random_Forest
3,11,1,1,0.97,Random_Forest
3,12,0,0,0.0,Random_Forest
3,13,1,1,1.0,Random_Forest
3,14,1,1,0.92,Random_Forest
3,15,0,0,0.0,Random_Forest
3,16,1,1,0.99,Random_Forest
3,17,0,0,0.1,Random_Forest
3,18,0,0,0.03231259810337662,Random_Forest
3,19,0,0,0.03231259810337662,Random_Forest
3,20,1,1,0.9706780139176228,Random_Forest
3,21,1,0,0.31,Random_Forest
3,22,1,1,0.5379166666666666,Random_Forest
3,23,0,0,0.1,Random_Forest
3,24,0,0,0.03231259810337662,Random_Forest
3,25,0,0,0.11666666666666665,Random_Forest
3,26,1,1,0.8116836347059848,Random_Forest
3,27,1,1,0.84,Random_Forest
3,28,1,1,0.99,Random_Forest
3,29,0,0,0.0,Random_Forest
3,30,1,1,0.96130506921378,Random_Forest
3,31,0,0,0.03231259810337662,Random_Forest
3,32,1,1,0.9903747072599532,Random_Forest
3,33,0,0,0.009561805144219861,Random_Forest
3,34,1,1,0.9645714285714285,Random_Forest
3,35,1,1,0.8683333333333334,Random_Forest
3,36,1,1,0.9303316326530612,Random_Forest
3,37,1,1,0.9903386004514673,Random_Forest
3,38,1,1,0.99,Random_Forest
3,39,1,1,0.97,Random_Forest
3,40,1,1,0.8354126405271616,Random_Forest
3,41,0,0,0.4702077922077922,Random_Forest
3,42,1,1,1.0,Random_Forest
3,43,1,1,0.99,Random_Forest
3,44,1,1,1.0,Random_Forest
3,45,1,1,0.9902619047619048,Random_Forest
3,46,1,1,0.98,Random_Forest
3,47,1,1,1.0,Random_Forest
3,48,1,1,1.0,Random_Forest
3,49,1,1,0.94,Random_Forest
3,50,1,1,0.8030801951011409,Random_Forest
3,51,1,1,0.7525,Random_Forest
3,52,0,1,0.9602122641509433,Random_Forest
3,53,0,0,0.009561805144219861,Random_Forest
3,54,1,1,0.9003299492385787,Random_Forest
3,55,1,1,1.0,Random_Forest
3,56,0,0,0.1549922499077578,Random_Forest
3,57,0,0,0.12,Random_Forest
3,58,1,1,1.0,Random_Forest
3,59,1,1,0.9711289260156551,Random_Forest
3,60,1,1,0.9303258145363408,Random_Forest
3,61,0,0,0.03231259810337662,Random_Forest
3,62,1,1,0.9259999999999999,Random_Forest
3,63,0,0,0.23,Random_Forest
3,64,1,1,0.9804643345553168,Random_Forest
3,65,1,1,0.96,Random_Forest
3,66,0,0,0.24,Random_Forest
3,67,0,1,0.97,Random_Forest
3,68,1,1,0.96,Random_Forest
3,69,1,1,0.5368690476190475,Random_Forest
3,70,1,1,0.7276025789711658,Random_Forest
3,71,1,1,0.6502864583333334,Random_Forest
3,72,0,0,0.0,Random_Forest
3,73,0,0,0.009561805144219861,Random_Forest
3,74,1,1,0.5194880952380951,Random_Forest
3,75,1,1,0.61125,Random_Forest
3,76,1,1,0.6880079176622531,Random_Forest
3,77,0,0,0.03231259810337662,Random_Forest
3,78,1,1,0.9515499125996612,Random_Forest
3,79,1,1,0.81,Random_Forest
3,80,1,1,0.99,Random_Forest
3,81,1,1,0.94,Random_Forest
3,82,0,0,0.006051012673052429,Random_Forest
3,83,1,1,0.5835753773267406,Random_Forest
3,84,1,1,0.98,Random_Forest
3,85,1,1,0.6126857948137343,Random_Forest
3,86,1,0,0.4905997181875432,Random_Forest
3,87,0,0,0.03231259810337662,Random_Forest
3,88,1,1,0.5158063002466763,Random_Forest
3,89,1,1,0.6900684779470112,Random_Forest
3,90,1,1,1.0,Random_Forest
3,91,1,1,0.9003598971722365,Random_Forest
3,92,1,1,0.99,Random_Forest
3,93,1,0,0.03231259810337662,Random_Forest
3,94,1,0,0.03231259810337662,Random_Forest
3,95,0,0,0.03231259810337662,Random_Forest
3,96,1,1,0.9035136204008068,Random_Forest
3,97,0,0,0.03231259810337662,Random_Forest
3,98,1,1,1.0,Random_Forest
3,99,0,0,0.03231259810337662,Random_Forest
3,100,0,0,0.03231259810337662,Random_Forest
3,101,0,0,0.2391309523809524,Random_Forest
3,102,1,0,0.23489606113409922,Random_Forest
3,103,1,1,0.9703937007874015,Random_Forest
3,104,0,0,0.03231259810337662,Random_Forest
3,105,1,1,0.8410080186901928,Random_Forest
3,106,1,1,0.8527777777777777,Random_Forest
3,107,1,1,0.9201152073732719,Random_Forest
3,108,1,0,0.252382417323215,Random_Forest
3,109,1,1,0.8431397700140245,Random_Forest
3,110,1,0,0.3323747100297604,Random_Forest
3,111,0,0,0.0,Random_Forest
3,112,1,1,1.0,Random_Forest
3,113,1,1,1.0,Random_Forest
3,114,1,1,0.87,Random_Forest
3,115,1,0,0.45300921910166403,Random_Forest
3,116,1,1,0.9612667714231816,Random_Forest
3,117,1,1,0.73,Random_Forest
3,118,1,1,0.99,Random_Forest
3,119,1,1,0.7876428671808781,Random_Forest
3,120,1,1,0.5830167766410824,Random_Forest
3,121,1,1,0.93,Random_Forest
3,122,1,1,0.688958276141203,Random_Forest
3,123,1,1,0.9742857142857143,Random_Forest
3,124,1,1,1.0,Random_Forest
3,125,0,0,0.018073251224499168,Random_Forest
3,126,1,1,0.9740476190476189,Random_Forest
3,127,1,1,0.97,Random_Forest
3,128,1,1,0.980500778168772,Random_Forest
3,129,1,1,0.5224444444444445,Random_Forest
3,130,0,0,0.009561805144219861,Random_Forest
3,131,1,1,1.0,Random_Forest
3,132,1,1,1.0,Random_Forest
3,133,1,1,0.86,Random_Forest
3,134,1,1,0.8059909812409812,Random_Forest
3,135,1,1,0.8807212409420291,Random_Forest
3,136,1,1,0.7715842084652355,Random_Forest
3,137,1,1,0.9806489602071494,Random_Forest
3,138,1,1,0.9131127898140156,Random_Forest
3,139,1,1,0.9903386004514673,Random_Forest
3,140,0,0,0.009561805144219861,Random_Forest
3,141,1,1,0.9217900433918456,Random_Forest
3,142,1,1,0.8403022670025189,Random_Forest
3,143,0,0,0.005180971781213618,Random_Forest
3,144,1,1,0.9304103671706264,Random_Forest
3,145,1,1,0.9673809523809525,Random_Forest
3,146,0,1,0.5020072015459224,Random_Forest
3,147,1,1,0.9157380952380954,Random_Forest
3,148,1,0,0.3875344827586207,Random_Forest
3,149,1,1,0.8214066136089312,Random_Forest
3,150,1,1,0.99,Random_Forest
3,151,1,1,0.6803888246787124,Random_Forest
3,152,1,1,0.97,Random_Forest
3,153,0,0,0.36103799752591825,Random_Forest
3,154,0,0,0.03231259810337662,Random_Forest
3,155,0,0,0.009561805144219861,Random_Forest
3,156,1,1,0.6059316615613226,Random_Forest
3,157,0,0,0.03231259810337662,Random_Forest
3,158,1,0,0.3142857142857143,Random_Forest
3,159,0,0,0.3225847987528974,Random_Forest
3,160,0,0,0.03231259810337662,Random_Forest
3,161,1,1,0.8346704231471191,Random_Forest
3,162,1,0,0.49860574229691873,Random_Forest
3,163,1,0,0.2359468991624697,Random_Forest
3,164,0,0,0.03231259810337662,Random_Forest
3,165,1,1,0.97,Random_Forest
3,166,1,1,0.98,Random_Forest
3,167,1,1,1.0,Random_Forest
3,168,1,1,0.7243374295954941,Random_Forest
3,169,1,1,0.7137461597542243,Random_Forest
3,170,1,1,0.7659865629420085,Random_Forest
3,171,0,1,0.74,Random_Forest
3,172,1,1,0.98,Random_Forest
3,173,1,1,0.99,Random_Forest
3,174,1,1,0.8967857142857143,Random_Forest
3,175,1,1,0.567353403665743,Random_Forest
3,176,1,1,1.0,Random_Forest
3,177,1,0,0.49,Random_Forest
3,178,1,1,0.98,Random_Forest
3,179,1,1,1.0,Random_Forest
3,180,1,1,0.9708281958236898,Random_Forest
3,181,1,1,1.0,Random_Forest
3,182,1,0,0.2310157555170317,Random_Forest
3,183,1,0,0.19,Random_Forest
3,184,1,1,0.5260693527830398,Random_Forest
3,185,0,0,0.03231259810337662,Random_Forest
3,186,1,0,0.32,Random_Forest
3,187,0,0,0.03231259810337662,Random_Forest
4,0,1,1,0.7683333333333334,Random_Forest
4,1,1,1,0.94,Random_Forest
4,2,1,1,0.8409384496751554,Random_Forest
4,3,0,0,0.029932234492737287,Random_Forest
4,4,0,0,0.029932234492737287,Random_Forest
4,5,0,0,0.0,Random_Forest
4,6,1,1,1.0,Random_Forest
4,7,1,1,0.92,Random_Forest
4,8,0,0,0.029932234492737287,Random_Forest
4,9,1,1,0.7,Random_Forest
4,10,1,1,0.9903621169916434,Random_Forest
4,11,1,1,0.92,Random_Forest
4,12,1,1,0.970829733921607,Random_Forest
4,13,1,1,0.97,Random_Forest
4,14,1,1,0.9902956989247312,Random_Forest
4,15,1,1,0.97,Random_Forest
4,16,0,0,0.029932234492737287,Random_Forest
4,17,1,1,1.0,Random_Forest
4,18,1,1,0.99,Random_Forest
4,19,0,0,0.029932234492737287,Random_Forest
4,20,1,1,0.98,Random_Forest
4,21,1,1,0.6321134649302943,Random_Forest
4,22,1,1,0.99,Random_Forest
4,23,1,1,0.990381679389313,Random_Forest
4,24,1,1,0.99,Random_Forest
4,25,1,1,0.631,Random_Forest
4,26,1,1,0.92,Random_Forest
4,27,1,0,0.07860277213513847,Random_Forest
4,28,1,1,0.9503804347826087,Random_Forest
4,29,1,0,0.4952161936404548,Random_Forest
4,30,0,0,0.029932234492737287,Random_Forest
4,31,1,1,0.94,Random_Forest
4,32,1,1,0.5261951529654715,Random_Forest
4,33,0,0,0.029932234492737287,Random_Forest
4,34,0,0,0.029932234492737287,Random_Forest
4,35,1,1,0.990381679389313,Random_Forest
4,36,1,1,0.99,Random_Forest
4,37,1,1,0.98,Random_Forest
4,38,1,1,1.0,Random_Forest
4,39,1,1,0.83,Random_Forest
4,40,1,1,0.92,Random_Forest
4,41,0,0,0.029932234492737287,Random_Forest
4,42,1,1,0.6316320765271803,Random_Forest
4,43,1,1,0.9003804347826088,Random_Forest
4,44,0,0,0.029932234492737287,Random_Forest
4,45,1,1,0.92,Random_Forest
4,46,0,0,0.029932234492737287,Random_Forest
4,47,0,0,0.010673957024151975,Random_Forest
4,48,1,1,0.99,Random_Forest
4,49,1,1,0.98,Random_Forest
4,50,1,1,0.9902110817941953,Random_Forest
4,51,1,0,0.44095238095238093,Random_Forest
4,52,1,1,1.0,Random_Forest
4,53,1,1,0.98,Random_Forest
4,54,1,1,1.0,Random_Forest
4,55,1,0,0.029932234492737287,Random_Forest
4,56,0,0,0.029932234492737287,Random_Forest
4,57,1,1,0.99,Random_Forest
4,58,1,1,0.87,Random_Forest
4,59,0,0,0.029932234492737287,Random_Forest
4,60,1,1,0.99,Random_Forest
4,61,1,1,0.98,Random_Forest
4,62,0,0,0.02,Random_Forest
4,63,1,1,0.9024058202740267,Random_Forest
4,64,1,1,0.94,Random_Forest
4,65,1,1,0.98,Random_Forest
4,66,1,1,0.9166666666666667,Random_Forest
4,67,1,1,0.58,Random_Forest
4,68,0,0,0.029932234492737287,Random_Forest
4,69,1,1,0.7814040435934331,Random_Forest
4,70,0,0,0.029932234492737287,Random_Forest
4,71,1,1,0.7705479657035981,Random_Forest
4,72,1,1,0.8040837918107713,Random_Forest
4,73,1,1,0.97,Random_Forest
4,74,1,1,0.990381679389313,Random_Forest
4,75,1,1,0.990381679389313,Random_Forest
4,76,0,0,0.010673957024151975,Random_Forest
4,77,0,1,0.5838481177188046,Random_Forest
4,78,1,1,0.88,Random_Forest
4,79,1,1,1.0,Random_Forest
4,80,1,1,0.990381679389313,Random_Forest
4,81,1,0,0.3691138639483254,Random_Forest
4,82,0,0,0.029932234492737287,Random_Forest
4,83,1,1,1.0,Random_Forest
4,84,1,0,0.31097825938422125,Random_Forest
4,85,0,0,0.04944050956374449,Random_Forest
4,86,1,1,0.99,Random_Forest
4,87,1,1,0.97,Random_Forest
4,88,1,1,0.990381679389313,Random_Forest
4,89,1,0,0.029932234492737287,Random_Forest
4,90,1,1,1.0,Random_Forest
4,91,1,1,0.87,Random_Forest
4,92,0,0,0.2096166194523135,Random_Forest
4,93,1,1,1.0,Random_Forest
4,94,1,0,0.1759227175619728,Random_Forest
4,95,0,0,0.08163239224635915,Random_Forest
4,96,1,1,0.99,Random_Forest
4,97,1,0,0.49419264069264074,Random_Forest
4,98,1,1,0.9608268547008845,Random_Forest
4,99,1,1,0.9,Random_Forest
4,100,0,0,0.45029850746268657,Random_Forest
4,101,0,0,0.22904879601079903,Random_Forest
4,102,1,1,0.93,Random_Forest
4,103,1,1,0.873039635269744,Random_Forest
4,104,1,1,0.5224860962423304,Random_Forest
4,105,1,1,0.9808444444444446,Random_Forest
4,106,1,1,0.8251403800969718,Random_Forest
4,107,1,1,0.9805831970122534,Random_Forest
4,108,1,1,0.77,Random_Forest
4,109,1,1,0.92,Random_Forest
4,110,0,0,0.434990536851296,Random_Forest
4,111,1,0,0.029932234492737287,Random_Forest
4,112,1,1,0.9215898070424708,Random_Forest
4,113,1,0,0.49419264069264074,Random_Forest
4,114,1,1,0.5286309523809524,Random_Forest
4,115,1,1,0.9611281250541365,Random_Forest
4,116,1,1,0.99,Random_Forest
4,117,1,1,0.84,Random_Forest
4,118,1,1,0.940332409972299,Random_Forest
4,119,1,1,1.0,Random_Forest
4,120,1,1,1.0,Random_Forest
4,121,1,0,0.4119759710122047,Random_Forest
4,122,0,0,0.029932234492737287,Random_Forest
4,123,0,1,0.8118026632173531,Random_Forest
4,124,1,1,0.99,Random_Forest
4,125,0,0,0.010673957024151975,Random_Forest
4,126,1,1,0.99,Random_Forest
4,127,0,0,0.0,Random_Forest
4,128,0,0,0.0,Random_Forest
4,129,1,1,0.96,Random_Forest
4,130,0,0,0.08163239224635915,Random_Forest
4,131,1,1,1.0,Random_Forest
4,132,1,1,0.87,Random_Forest
4,133,1,1,0.8136111111111112,Random_Forest
4,134,0,0,0.010673957024151975,Random_Forest
4,135,1,1,1.0,Random_Forest
4,136,1,1,0.8028179525927477,Random_Forest
4,137,1,0,0.4081948255186914,Random_Forest
4,138,1,1,0.84,Random_Forest
4,139,0,0,0.0,Random_Forest
4,140,1,1,0.9322929964297673,Random_Forest
4,141,1,1,0.970381679389313,Random_Forest
4,142,1,1,0.99,Random_Forest
4,143,1,1,1.0,Random_Forest
4,144,0,0,0.3696666666666666,Random_Forest
4,145,1,1,0.8517042468579652,Random_Forest
4,146,1,1,1.0,Random_Forest
4,147,1,1,0.98,Random_Forest
4,148,1,1,0.9705580962634255,Random_Forest
4,149,1,0,0.37498958721869946,Random_Forest
4,150,1,1,0.95,Random_Forest
4,151,1,1,1.0,Random_Forest
4,152,1,1,0.99,Random_Forest
4,153,1,1,0.6306238056238056,Random_Forest
4,154,1,1,0.94,Random_Forest
4,155,0,0,0.04957934183337591,Random_Forest
4,156,0,0,0.029932234492737287,Random_Forest
4,157,0,0,0.004780899368319411,Random_Forest
4,158,1,1,0.8,Random_Forest
4,159,1,0,0.34042757112909255,Random_Forest
4,160,1,1,0.94,Random_Forest
4,161,1,1,0.97,Random_Forest
4,162,1,1,0.97,Random_Forest
4,163,1,1,0.84,Random_Forest
4,164,0,0,0.015451966156621382,Random_Forest
4,165,1,1,0.85,Random_Forest
4,166,1,1,0.97,Random_Forest
4,167,1,1,0.950615286459827,Random_Forest
4,168,1,1,0.7703591160220995,Random_Forest
4,169,1,1,0.98,Random_Forest
4,170,1,1,1.0,Random_Forest
4,171,0,0,0.004780899368319411,Random_Forest
4,172,1,1,0.93,Random_Forest
4,173,0,0,0.010673957024151975,Random_Forest
4,174,0,0,0.0,Random_Forest
4,175,1,1,0.9892857142857143,Random_Forest
4,176,1,0,0.3117904559999511,Random_Forest
4,177,0,0,0.029932234492737287,Random_Forest
4,178,0,0,0.029932234492737287,Random_Forest
4,179,1,1,0.97,Random_Forest
4,180,0,0,0.029932234492737287,Random_Forest
4,181,1,1,0.8609395424836602,Random_Forest
4,182,0,0,0.029932234492737287,Random_Forest
4,183,1,1,0.990381679389313,Random_Forest
4,184,1,1,0.7533212751533742,Random_Forest
4,185,1,1,0.64,Random_Forest
4,186,1,1,0.6909608573906,Random_Forest
4,187,1,1,1.0,Random_Forest
5,0,0,0,0.0,Random_Forest
5,1,1,1,1.0,Random_Forest
5,2,1,1,1.0,Random_Forest
5,3,1,1,0.97,Random_Forest
5,4,1,1,0.89,Random_Forest
5,5,1,1,0.8612675924858748,Random_Forest
5,6,1,1,1.0,Random_Forest
5,7,1,0,0.26609463533038996,Random_Forest
5,8,1,1,1.0,Random_Forest
5,9,1,1,1.0,Random_Forest
5,10,0,0,0.0,Random_Forest
5,11,1,1,0.92,Random_Forest
5,12,1,1,0.9709299806946143,Random_Forest
5,13,1,1,1.0,Random_Forest
5,14,1,1,0.9904325699745548,Random_Forest
5,15,1,1,0.99,Random_Forest
5,16,1,1,0.93,Random_Forest
5,17,1,1,0.9803571428571429,Random_Forest
5,18,1,1,0.6675,Random_Forest
5,19,1,0,0.04153771982122751,Random_Forest
5,20,1,1,0.98,Random_Forest
5,21,1,1,1.0,Random_Forest
5,22,1,0,0.043757708769810305,Random_Forest
5,23,1,1,0.6427071465170571,Random_Forest
5,24,1,1,0.91,Random_Forest
5,25,1,1,0.99,Random_Forest
5,26,1,1,0.96,Random_Forest
5,27,0,0,0.0,Random_Forest
5,28,0,0,0.01,Random_Forest
5,29,1,1,0.630426592313978,Random_Forest
5,30,1,0,0.3563212339001366,Random_Forest
5,31,1,0,0.47404467133160055,Random_Forest
5,32,1,1,0.98,Random_Forest
5,33,1,1,0.9710521841792682,Random_Forest
5,34,1,1,1.0,Random_Forest
5,35,0,0,0.0,Random_Forest
5,36,1,1,1.0,Random_Forest
5,37,1,1,0.81,Random_Forest
5,38,1,1,1.0,Random_Forest
5,39,0,1,0.9515456110141113,Random_Forest
5,40,0,0,0.0,Random_Forest
5,41,1,1,0.86,Random_Forest
5,42,1,1,0.95,Random_Forest
5,43,1,1,0.96,Random_Forest
5,44,1,1,0.548,Random_Forest
5,45,1,1,1.0,Random_Forest
5,46,1,1,1.0,Random_Forest
5,47,1,1,0.9614156199760524,Random_Forest
5,48,0,0,0.0,Random_Forest
5,49,1,1,0.96,Random_Forest
5,50,1,1,0.75,Random_Forest
5,51,1,1,0.99,Random_Forest
5,52,1,1,1.0,Random_Forest
5,53,1,1,1.0,Random_Forest
5,54,0,0,0.03413204032061243,Random_Forest
5,55,1,1,1.0,Random_Forest
5,56,1,1,1.0,Random_Forest
5,57,1,1,1.0,Random_Forest
5,58,1,1,0.9808926184007047,Random_Forest
5,59,1,0,0.428,Random_Forest
5,60,1,0,0.15042768453745484,Random_Forest
5,61,0,0,0.03413204032061243,Random_Forest
5,62,0,0,0.27,Random_Forest
5,63,1,1,1.0,Random_Forest
5,64,1,1,0.8518333333333333,Random_Forest
5,65,1,0,0.3140481374874204,Random_Forest
5,66,0,0,0.03413204032061243,Random_Forest
5,67,0,0,0.03413204032061243,Random_Forest
5,68,1,1,0.8575,Random_Forest
5,69,0,0,0.0,Random_Forest
5,70,0,0,0.0021574820285519,Random_Forest
5,71,1,1,0.9212936739139989,Random_Forest
5,72,0,1,0.715835598498161,Random_Forest
5,73,0,0,0.03413204032061243,Random_Forest
5,74,1,0,0.32,Random_Forest
5,75,1,1,1.0,Random_Forest
5,76,0,0,0.01040809341502391,Random_Forest
5,77,1,1,0.9317341698124397,Random_Forest
5,78,1,1,0.99,Random_Forest
5,79,0,0,0.0,Random_Forest
5,80,1,1,1.0,Random_Forest
5,81,1,1,0.98,Random_Forest
5,82,0,0,0.0,Random_Forest
5,83,1,1,0.75,Random_Forest
5,84,1,1,1.0,Random_Forest
5,85,0,0,0.03413204032061243,Random_Forest
5,86,0,1,0.7167673898913641,Random_Forest
5,87,1,1,0.99,Random_Forest
5,88,0,0,0.04153771982122751,Random_Forest
5,89,1,1,0.8,Random_Forest
5,90,1,1,1.0,Random_Forest
5,91,0,0,0.03413204032061243,Random_Forest
5,92,1,1,0.98,Random_Forest
5,93,1,1,1.0,Random_Forest
5,94,1,1,0.9033789896762867,Random_Forest
5,95,0,0,0.0,Random_Forest
5,96,1,1,1.0,Random_Forest
5,97,1,1,0.95,Random_Forest
5,98,0,0,0.03413204032061243,Random_Forest
5,99,1,1,0.9007511168792272,Random_Forest
5,100,1,1,0.8112192626545567,Random_Forest
5,101,1,1,0.96,Random_Forest
5,102,1,1,0.96,Random_Forest
5,103,0,0,0.03413204032061243,Random_Forest
5,104,0,0,0.02,Random_Forest
5,105,0,0,0.33694074279371544,Random_Forest
5,106,1,1,0.94,Random_Forest
5,107,0,0,0.30564974137556467,Random_Forest
5,108,0,0,0.03413204032061243,Random_Forest
5,109,1,0,0.4202971272319872,Random_Forest
5,110,0,1,0.96,Random_Forest
5,111,0,1,0.6676364531689765,Random_Forest
5,112,0,0,0.03413204032061243,Random_Forest
5,113,1,1,0.8237668575082744,Random_Forest
5,114,1,1,1.0,Random_Forest
5,115,1,1,0.8305911353457595,Random_Forest
5,116,0,0,0.01040809341502391,Random_Forest
5,117,1,1,0.9332142857142857,Random_Forest
5,118,1,1,0.99,Random_Forest
5,119,1,1,0.99,Random_Forest
5,120,0,0,0.1602917771883289,Random_Forest
5,121,1,1,0.7811985896027958,Random_Forest
5,122,1,1,1.0,Random_Forest
5,123,1,1,0.8456666666666668,Random_Forest
5,124,0,0,0.03413204032061243,Random_Forest
5,125,1,1,0.9405436055019023,Random_Forest
5,126,1,1,0.9712144297476094,Random_Forest
5,127,1,1,0.91,Random_Forest
5,128,1,0,0.4455009647148854,Random_Forest
5,129,1,1,0.79,Random_Forest
5,130,1,1,0.99,Random_Forest
5,131,1,1,0.83,Random_Forest
5,132,1,1,0.87,Random_Forest
5,133,0,0,0.01040809341502391,Random_Forest
5,134,1,0,0.09567076964050321,Random_Forest
5,135,1,1,1.0,Random_Forest
5,136,1,1,0.9613653745783697,Random_Forest
5,137,1,1,0.66,Random_Forest
5,138,1,1,0.9424556579838267,Random_Forest
5,139,1,1,0.51,Random_Forest
5,140,1,1,0.5803667481662592,Random_Forest
5,141,1,1,0.980904761904762,Random_Forest
5,142,1,1,0.96,Random_Forest
5,143,1,1,0.9614075379451785,Random_Forest
5,144,0,1,0.7483333333333334,Random_Forest
5,145,1,1,1.0,Random_Forest
5,146,1,1,1.0,Random_Forest
5,147,1,1,0.6086092049438656,Random_Forest
5,148,1,1,0.752,Random_Forest
5,149,1,1,0.9904785894206549,Random_Forest
5,150,1,1,1.0,Random_Forest
5,151,1,1,1.0,Random_Forest
5,152,0,0,0.03413204032061243,Random_Forest
5,153,1,1,0.93,Random_Forest
5,154,1,1,0.87,Random_Forest
5,155,1,1,0.98,Random_Forest
5,156,0,1,0.71,Random_Forest
5,157,1,1,0.98,Random_Forest
5,158,1,1,0.76,Random_Forest
5,159,1,1,0.7980000000000002,Random_Forest
5,160,0,1,0.61,Random_Forest
5,161,1,1,1.0,Random_Forest
5,162,1,1,0.7391269841269837,Random_Forest
5,163,1,1,1.0,Random_Forest
5,164,1,1,0.9711119416214953,Random_Forest
5,165,1,1,0.98,Random_Forest
5,166,1,1,0.6513333333333332,Random_Forest
5,167,1,1,1.0,Random_Forest
5,168,1,1,1.0,Random_Forest
5,169,0,0,0.0010698051310410915,Random_Forest
5,170,1,1,0.98,Random_Forest
5,171,1,1,0.8002475247524753,Random_Forest
5,172,0,0,0.03413204032061243,Random_Forest
5,173,0,0,0.0,Random_Forest
5,174,1,1,0.9804285714285714,Random_Forest
5,175,1,1,0.95,Random_Forest
5,176,1,1,0.9615590549025161,Random_Forest
5,177,0,0,0.03413204032061243,Random_Forest
5,178,1,1,1.0,Random_Forest
5,179,1,1,0.99,Random_Forest
5,180,1,1,1.0,Random_Forest
5,181,1,1,0.73,Random_Forest
5,182,1,1,0.9803225806451613,Random_Forest
5,183,1,1,1.0,Random_Forest
5,184,1,1,1.0,Random_Forest
5,185,1,1,0.75,Random_Forest
5,186,1,1,0.94,Random_Forest
5,187,0,0,0.24637109779918553,Random_Forest
6,0,1,1,1.0,Random_Forest
6,1,1,1,0.86,Random_Forest
6,2,1,1,0.8129558241106392,Random_Forest
6,3,1,0,0.02,Random_Forest
6,4,1,1,0.9715901221512162,Random_Forest
6,5,0,0,0.011341325073833454,Random_Forest
6,6,0,0,0.2903641456582633,Random_Forest
6,7,1,1,0.5778253968253967,Random_Forest
6,8,1,1,1.0,Random_Forest
6,9,1,1,0.99,Random_Forest
6,10,1,1,0.8932500000000002,Random_Forest
6,11,1,1,0.6217889332889334,Random_Forest
6,12,1,1,0.9,Random_Forest
6,13,1,1,1.0,Random_Forest
6,14,1,0,0.4502761572682941,Random_Forest
6,15,1,1,0.7625714285714287,Random_Forest
6,16,1,1,0.9554166666666667,Random_Forest
6,17,1,1,0.91,Random_Forest
6,18,1,1,0.98,Random_Forest
6,19,1,1,0.84,Random_Forest
6,20,1,1,0.8290833333333335,Random_Forest
6,21,0,0,0.035425009502079774,Random_Forest
6,22,1,1,0.8545687271778825,Random_Forest
6,23,1,1,0.7414444444444444,Random_Forest
6,24,0,0,0.035425009502079774,Random_Forest
6,25,1,1,1.0,Random_Forest
6,26,1,1,0.9611253490044359,Random_Forest
6,27,1,0,0.07328691880363893,Random_Forest
6,28,0,1,0.8159048196764099,Random_Forest
6,29,1,1,0.6828785704731106,Random_Forest
6,30,0,0,0.0,Random_Forest
6,31,0,0,0.0,Random_Forest
6,32,1,1,0.8336694043934972,Random_Forest
6,33,1,1,1.0,Random_Forest
6,34,0,1,0.8843650979761373,Random_Forest
6,35,1,1,0.99,Random_Forest
6,36,1,0,0.40693227128402276,Random_Forest
6,37,1,1,0.78,Random_Forest
6,38,0,0,0.0,Random_Forest
6,39,1,1,0.91,Random_Forest
6,40,1,1,0.6907762430939226,Random_Forest
6,41,1,1,0.6417658113331689,Random_Forest
6,42,1,1,0.8652726034569764,Random_Forest
6,43,1,1,0.9343333333333332,Random_Forest
6,44,1,1,0.9903324099722991,Random_Forest
6,45,1,0,0.10721642246642245,Random_Forest
6,46,1,1,0.9902962962962962,Random_Forest
6,47,0,0,0.035425009502079774,Random_Forest
6,48,1,1,0.8963809523809525,Random_Forest
6,49,1,1,1.0,Random_Forest
6,50,1,1,0.93,Random_Forest
6,51,1,1,0.7393501460688024,Random_Forest
6,52,1,1,0.52,Random_Forest
6,53,0,0,0.035425009502079774,Random_Forest
6,54,1,1,0.8159048196764099,Random_Forest
6,55,1,0,0.40704069001263643,Random_Forest
6,56,1,1,1.0,Random_Forest
6,57,1,1,0.9803341902313625,Random_Forest
6,58,1,1,0.96,Random_Forest
6,59,0,0,0.035425009502079774,Random_Forest
6,60,0,0,0.035425009502079774,Random_Forest
6,61,0,0,0.035425009502079774,Random_Forest
6,62,0,0,0.011341325073833454,Random_Forest
6,63,0,0,0.035425009502079774,Random_Forest
6,64,0,0,0.09,Random_Forest
6,65,0,0,0.035425009502079774,Random_Forest
6,66,0,0,0.0,Random_Forest
6,67,0,0,0.035425009502079774,Random_Forest
6,68,1,1,0.8077537189009566,Random_Forest
6,69,1,1,0.9244667832167832,Random_Forest
6,70,0,0,0.035425009502079774,Random_Forest
6,71,1,1,0.9022500000000002,Random_Forest
6,72,0,0,0.035425009502079774,Random_Forest
6,73,1,0,0.035425009502079774,Random_Forest
6,74,1,1,0.8971965811965812,Random_Forest
6,75,0,0,0.05528022827491862,Random_Forest
6,76,1,1,0.8849072594072596,Random_Forest
6,77,1,1,1.0,Random_Forest
6,78,1,0,0.01037037037037037,Random_Forest
6,79,1,1,0.6155185129688496,Random_Forest
6,80,1,1,0.9418218484660902,Random_Forest
6,81,1,0,0.2403903903903904,Random_Forest
6,82,1,1,0.9446666666666667,Random_Forest
6,83,0,0,0.035425009502079774,Random_Forest
6,84,1,1,0.8304477611940299,Random_Forest
6,85,0,0,0.00024793388429752067,Random_Forest
6,86,1,1,1.0,Random_Forest
6,87,1,1,0.88,Random_Forest
6,88,0,0,0.01037037037037037,Random_Forest
6,89,1,1,1.0,Random_Forest
6,90,0,0,0.035425009502079774,Random_Forest
6,91,1,1,0.9289285714285714,Random_Forest
6,92,1,0,0.05528022827491862,Random_Forest
6,93,1,1,0.9086924493554328,Random_Forest
6,94,0,0,0.011341325073833454,Random_Forest
6,95,1,1,1.0,Random_Forest
6,96,1,1,0.9302083333333333,Random_Forest
6,97,1,0,0.15536414565826331,Random_Forest
6,98,1,1,0.8808948296122209,Random_Forest
6,99,1,1,0.99,Random_Forest
6,100,1,1,0.8745342387948243,Random_Forest
6,101,1,1,0.790898839956278,Random_Forest
6,102,1,1,0.6559047619047618,Random_Forest
6,103,1,0,0.37696478762120017,Random_Forest
6,104,1,1,0.9023809523809524,Random_Forest
6,105,1,1,0.5874999999999999,Random_Forest
6,106,0,0,0.20896661257323776,Random_Forest
6,107,0,0,0.0,Random_Forest
6,108,1,1,0.97,Random_Forest
6,109,1,1,1.0,Random_Forest
6,110,1,1,0.9902879581151832,Random_Forest
6,111,1,1,1.0,Random_Forest
6,112,1,1,1.0,Random_Forest
6,113,1,0,0.008633641608706102,Random_Forest
6,114,1,1,0.9507029973377337,Random_Forest
6,115,0,0,0.035425009502079774,Random_Forest
6,116,1,1,0.97,Random_Forest
6,117,1,0,0.09039039039039039,Random_Forest
6,118,0,0,0.05528022827491862,Random_Forest
6,119,1,1,0.9132862970156244,Random_Forest
6,120,1,1,0.97,Random_Forest
6,121,1,1,1.0,Random_Forest
6,122,1,0,0.20864285714285719,Random_Forest
6,123,1,1,0.93,Random_Forest
6,124,1,1,0.8311867038490156,Random_Forest
6,125,1,1,0.97,Random_Forest
6,126,0,0,0.035425009502079774,Random_Forest
6,127,1,1,0.9801136363636364,Random_Forest
6,128,1,1,0.98,Random_Forest
6,129,1,1,0.95,Random_Forest
6,130,1,1,0.8260808739072742,Random_Forest
6,131,1,1,1.0,Random_Forest
6,132,1,1,0.8503421052631579,Random_Forest
6,133,1,1,0.99,Random_Forest
6,134,1,0,0.0,Random_Forest
6,135,0,0,0.0,Random_Forest
6,136,1,1,1.0,Random_Forest
6,137,1,1,0.9764444444444444,Random_Forest
6,138,1,1,0.9705987237237237,Random_Forest
6,139,1,1,0.7906293976476533,Random_Forest
6,140,1,1,0.9805490214865739,Random_Forest
6,141,1,0,0.4310392088017398,Random_Forest
6,142,1,1,0.8196666666666669,Random_Forest
6,143,1,1,0.84026525198939,Random_Forest
6,144,1,1,1.0,Random_Forest
6,145,1,1,1.0,Random_Forest
6,146,1,1,0.9120315391045143,Random_Forest
6,147,0,0,0.011341325073833454,Random_Forest
6,148,1,1,0.58,Random_Forest
6,149,1,1,0.76,Random_Forest
6,150,1,1,0.95,Random_Forest
6,151,1,1,0.9705296985815604,Random_Forest
6,152,0,0,0.020995085995085993,Random_Forest
6,153,0,0,0.0,Random_Forest
6,154,0,0,0.035425009502079774,Random_Forest
6,155,0,0,0.035425009502079774,Random_Forest
6,156,1,0,0.035425009502079774,Random_Forest
6,157,0,0,0.035425009502079774,Random_Forest
6,158,1,1,0.9708851392715028,Random_Forest
6,159,1,1,0.9212323178765385,Random_Forest
6,160,0,0,0.035425009502079774,Random_Forest
6,161,1,1,0.970929840654238,Random_Forest
6,162,1,1,1.0,Random_Forest
6,163,1,1,0.9703341902313625,Random_Forest
6,164,1,0,0.065,Random_Forest
6,165,1,1,1.0,Random_Forest
6,166,1,1,0.99,Random_Forest
6,167,1,1,0.97,Random_Forest
6,168,1,1,0.82,Random_Forest
6,169,1,0,0.48201053782549436,Random_Forest
6,170,1,1,0.8392499999999999,Random_Forest
6,171,1,1,0.9806079846079845,Random_Forest
6,172,1,1,0.951646917758636,Random_Forest
6,173,1,1,0.9418853391245392,Random_Forest
6,174,0,0,0.0,Random_Forest
6,175,1,1,0.9311825607133238,Random_Forest
6,176,0,0,0.0,Random_Forest
6,177,1,1,0.5357114816898033,Random_Forest
6,178,0,0,0.035425009502079774,Random_Forest
6,179,1,1,0.9449292929292931,Random_Forest
6,180,1,1,0.97,Random_Forest
6,181,0,0,0.035425009502079774,Random_Forest
6,182,0,0,0.3055711745040917,Random_Forest
6,183,1,1,1.0,Random_Forest
6,184,1,1,0.9902962962962962,Random_Forest
6,185,1,1,0.9303341902313624,Random_Forest
6,186,0,0,0.035425009502079774,Random_Forest
6,187,0,0,0.035425009502079774,Random_Forest
7,0,0,0,0.010710027464509345,Random_Forest
7,1,1,1,0.871508792521272,Random_Forest
7,2,0,0,0.00043859649122807013,Random_Forest
7,3,0,0,0.0,Random_Forest
7,4,1,1,0.86,Random_Forest
7,5,1,1,0.91,Random_Forest
7,6,0,0,0.010710027464509345,Random_Forest
7,7,1,1,0.87,Random_Forest
7,8,1,1,0.93,Random_Forest
7,9,1,1,0.54,Random_Forest
7,10,1,1,1.0,Random_Forest
7,11,1,1,1.0,Random_Forest
7,12,1,1,0.733946931080544,Random_Forest
7,13,1,0,0.49657477694750923,Random_Forest
7,14,1,1,0.7838521989613761,Random_Forest
7,15,1,1,0.9902576112412177,Random_Forest
7,16,1,1,0.7445952380952382,Random_Forest
7,17,1,1,0.98,Random_Forest
7,18,1,1,0.95,Random_Forest
7,19,1,1,0.98,Random_Forest
7,20,1,1,0.8804702970297029,Random_Forest
7,21,1,0,0.301984076594183,Random_Forest
7,22,1,1,0.72104925677645,Random_Forest
7,23,1,1,0.98,Random_Forest
7,24,1,1,0.7508333333333332,Random_Forest
7,25,1,1,0.91,Random_Forest
7,26,1,1,0.99,Random_Forest
7,27,1,1,0.536,Random_Forest
7,28,1,1,0.99,Random_Forest
7,29,0,0,0.030804593342526568,Random_Forest
7,30,1,1,0.9,Random_Forest
7,31,0,0,0.0,Random_Forest
7,32,1,0,0.030804593342526568,Random_Forest
7,33,1,1,0.95,Random_Forest
7,34,1,1,0.92,Random_Forest
7,35,1,1,1.0,Random_Forest
7,36,1,1,1.0,Random_Forest
7,37,1,1,0.8921855909039544,Random_Forest
7,38,0,0,0.0,Random_Forest
7,39,1,1,0.7214168354870435,Random_Forest
7,40,1,1,0.99,Random_Forest
7,41,0,0,0.010710027464509345,Random_Forest
7,42,1,0,0.27327896663287776,Random_Forest
7,43,0,0,0.0617372843897074,Random_Forest
7,44,0,0,0.4763333333333334,Random_Forest
7,45,1,1,0.8253040580013911,Random_Forest
7,46,0,0,0.0,Random_Forest
7,47,0,0,0.0,Random_Forest
7,48,1,1,1.0,Random_Forest
7,49,1,1,0.97,Random_Forest
7,50,1,0,0.35032164588631626,Random_Forest
7,51,1,1,0.5451059245708754,Random_Forest
7,52,1,1,0.9204228855721394,Random_Forest
7,53,1,1,0.98,Random_Forest
7,54,1,1,0.8936882477192227,Random_Forest
7,55,1,1,0.9712172578665117,Random_Forest
7,56,0,0,0.0015836876718514795,Random_Forest
7,57,0,0,0.4763333333333334,Random_Forest
7,58,1,1,1.0,Random_Forest
7,59,1,0,0.2830854558656753,Random_Forest
7,60,1,1,0.94,Random_Forest
7,61,0,0,0.0,Random_Forest
7,62,1,1,0.6657717211825249,Random_Forest
7,63,1,1,1.0,Random_Forest
7,64,1,1,0.97,Random_Forest
7,65,0,0,0.010710027464509345,Random_Forest
7,66,1,1,0.6658333333333334,Random_Forest
7,67,1,1,0.9902067183462532,Random_Forest
7,68,1,1,0.9612123754557682,Random_Forest
7,69,1,1,0.7308548248441865,Random_Forest
7,70,1,1,0.9902487562189054,Random_Forest
7,71,0,0,0.030804593342526568,Random_Forest
7,72,1,1,0.8921855909039544,Random_Forest
7,73,1,1,0.91,Random_Forest
7,74,1,1,1.0,Random_Forest
7,75,0,1,0.852,Random_Forest
7,76,1,1,1.0,Random_Forest
7,77,1,1,0.97,Random_Forest
7,78,0,0,0.0617372843897074,Random_Forest
7,79,1,0,0.18490995320472448,Random_Forest
7,80,1,1,0.7230638217207115,Random_Forest
7,81,1,1,0.8213722075964217,Random_Forest
7,82,1,1,0.99,Random_Forest
7,83,1,1,0.8116666666666668,Random_Forest
7,84,1,1,0.7465675319967692,Random_Forest
7,85,0,0,0.030804593342526568,Random_Forest
7,86,0,0,0.0,Random_Forest
7,87,1,0,0.0,Random_Forest
7,88,1,0,0.16117611396097203,Random_Forest
7,89,0,1,0.733946931080544,Random_Forest
7,90,1,0,0.0,Random_Forest
7,91,1,1,0.99,Random_Forest
7,92,1,1,0.93,Random_Forest
7,93,1,1,0.951480019185901,Random_Forest
7,94,1,1,0.9403896103896103,Random_Forest
7,95,1,1,0.94,Random_Forest
7,96,1,1,0.97,Random_Forest
7,97,1,0,0.41847312319463353,Random_Forest
7,98,0,0,0.3137777777777778,Random_Forest
7,99,1,1,1.0,Random_Forest
7,100,1,1,1.0,Random_Forest
7,101,1,1,0.98,Random_Forest
7,102,1,1,1.0,Random_Forest
7,103,0,0,0.0,Random_Forest
7,104,0,1,0.6032643856367047,Random_Forest
7,105,1,1,0.8449825051737614,Random_Forest
7,106,1,1,0.93,Random_Forest
7,107,1,1,0.6203614457831326,Random_Forest
7,108,1,1,0.9905568445475638,Random_Forest
7,109,0,0,0.0,Random_Forest
7,110,0,1,0.7855703463203464,Random_Forest
7,111,1,1,0.98,Random_Forest
7,112,1,1,0.91,Random_Forest
7,113,0,0,0.01,Random_Forest
7,114,1,1,0.5156673603469341,Random_Forest
7,115,0,0,0.010710027464509345,Random_Forest
7,116,1,1,0.6012777777777778,Random_Forest
7,117,1,1,0.84,Random_Forest
7,118,1,1,0.9806301394581497,Random_Forest
7,119,1,1,0.990389294403893,Random_Forest
7,120,1,1,0.88,Random_Forest
7,121,1,1,0.72,Random_Forest
7,122,1,1,0.92,Random_Forest
7,123,1,1,0.94,Random_Forest
7,124,1,1,0.9902072538860104,Random_Forest
7,125,1,1,0.6799381855290023,Random_Forest
7,126,0,0,0.030804593342526568,Random_Forest
7,127,1,1,0.79,Random_Forest
7,128,0,0,0.06,Random_Forest
7,129,1,1,0.9901728395061729,Random_Forest
7,130,0,1,0.7708333333333333,Random_Forest
7,131,1,1,1.0,Random_Forest
7,132,1,0,0.21,Random_Forest
7,133,1,1,1.0,Random_Forest
7,134,0,0,0.014044897959183672,Random_Forest
7,135,0,0,0.02,Random_Forest
7,136,1,1,0.7775,Random_Forest
7,137,0,0,0.030804593342526568,Random_Forest
7,138,1,1,0.5241485017792453,Random_Forest
7,139,0,0,0.0,Random_Forest
7,140,1,1,0.97,Random_Forest
7,141,1,1,0.99,Random_Forest
7,142,1,1,1.0,Random_Forest
7,143,1,1,1.0,Random_Forest
7,144,1,1,0.99,Random_Forest
7,145,1,1,0.9703626943005181,Random_Forest
7,146,1,1,0.970389294403893,Random_Forest
7,147,1,1,1.0,Random_Forest
7,148,0,0,0.030804593342526568,Random_Forest
7,149,1,1,0.98,Random_Forest
7,150,1,1,1.0,Random_Forest
7,151,0,0,0.030804593342526568,Random_Forest
7,152,1,0,0.20520259763078447,Random_Forest
7,153,1,1,0.95,Random_Forest
7,154,1,1,0.9902676399026764,Random_Forest
7,155,1,1,0.9102403846153845,Random_Forest
7,156,1,1,0.98,Random_Forest
7,157,1,1,0.99,Random_Forest
7,158,1,1,1.0,Random_Forest
7,159,1,1,0.9804570339231597,Random_Forest
7,160,0,0,0.030804593342526568,Random_Forest
7,161,1,1,0.7384787834134573,Random_Forest
7,162,1,1,1.0,Random_Forest
7,163,0,0,0.0,Random_Forest
7,164,0,0,0.030804593342526568,Random_Forest
7,165,1,1,0.96,Random_Forest
7,166,1,1,0.9516561284748929,Random_Forest
7,167,1,1,0.5178333333333334,Random_Forest
7,168,0,0,0.030804593342526568,Random_Forest
7,169,0,0,0.030804593342526568,Random_Forest
7,170,1,1,0.9214998321094684,Random_Forest
7,171,1,1,0.96,Random_Forest
7,172,1,1,0.96,Random_Forest
7,173,1,1,0.9284479878689076,Random_Forest
7,174,0,1,0.9318382998530745,Random_Forest
7,175,1,1,0.9312905787708025,Random_Forest
7,176,0,0,0.0,Random_Forest
7,177,0,0,0.030804593342526568,Random_Forest
7,178,1,1,0.6501904761904761,Random_Forest
7,179,1,1,0.91,Random_Forest
7,180,1,1,0.8519667949686565,Random_Forest
7,181,1,1,0.96,Random_Forest
7,182,0,0,0.4837777777777778,Random_Forest
7,183,1,1,0.7918513793361163,Random_Forest
7,184,0,0,0.02,Random_Forest
7,185,1,1,1.0,Random_Forest
7,186,1,1,1.0,Random_Forest
7,187,1,1,1.0,Random_Forest
8,0,1,1,1.0,Random_Forest
8,1,1,0,0.23907062033152418,Random_Forest
8,2,1,1,0.98,Random_Forest
8,3,1,1,0.62,Random_Forest
8,4,1,1,0.8302564102564102,Random_Forest
8,5,1,1,0.94,Random_Forest
8,6,0,0,0.0,Random_Forest
8,7,1,1,0.8702064896755162,Random_Forest
8,8,0,0,0.0,Random_Forest
8,9,1,1,0.6820037196844068,Random_Forest
8,10,1,1,0.73,Random_Forest
8,11,0,0,0.0,Random_Forest
8,12,1,1,0.94,Random_Forest
8,13,1,1,1.0,Random_Forest
8,14,1,1,0.623595238095238,Random_Forest
8,15,1,0,0.41955555555555557,Random_Forest
8,16,1,0,0.33266666666666667,Random_Forest
8,17,0,0,0.03619272366022723,Random_Forest
8,18,0,0,0.01,Random_Forest
8,19,1,1,0.970264705882353,Random_Forest
8,20,1,1,1.0,Random_Forest
8,21,0,0,0.03619272366022723,Random_Forest
8,22,1,1,0.81,Random_Forest
8,23,1,1,0.8321951631702674,Random_Forest
8,24,1,1,0.96,Random_Forest
8,25,1,1,0.9808298070338701,Random_Forest
8,26,1,1,0.55725,Random_Forest
8,27,1,1,0.9,Random_Forest
8,28,0,0,0.03619272366022723,Random_Forest
8,29,1,1,0.825616284693453,Random_Forest
8,30,1,1,0.5443553696478302,Random_Forest
8,31,0,0,0.0,Random_Forest
8,32,1,1,0.96,Random_Forest
8,33,1,1,0.78,Random_Forest
8,34,1,1,0.94,Random_Forest
8,35,1,1,0.6206680697627632,Random_Forest
8,36,1,1,0.99,Random_Forest
8,37,0,0,0.0,Random_Forest
8,38,1,1,0.98,Random_Forest
8,39,1,1,0.990391061452514,Random_Forest
8,40,0,0,0.0,Random_Forest
8,41,1,1,0.5433333333333333,Random_Forest
8,42,1,1,0.990391061452514,Random_Forest
8,43,0,0,0.03619272366022723,Random_Forest
8,44,1,1,0.99,Random_Forest
8,45,1,1,0.97,Random_Forest
8,46,1,1,0.78,Random_Forest
8,47,0,0,0.0,Random_Forest
8,48,1,1,0.5844434715739034,Random_Forest
8,49,1,1,0.84,Random_Forest
8,50,0,0,0.03619272366022723,Random_Forest
8,51,0,0,0.0,Random_Forest
8,52,1,1,0.97,Random_Forest
8,53,1,1,1.0,Random_Forest
8,54,1,1,0.7414268519341602,Random_Forest
8,55,1,1,0.5306832496213026,Random_Forest
8,56,0,0,0.03619272366022723,Random_Forest
8,57,0,0,0.0,Random_Forest
8,58,1,1,0.9,Random_Forest
8,59,1,1,0.93,Random_Forest
8,60,1,0,0.24232854069674986,Random_Forest
8,61,1,1,0.7489526898069769,Random_Forest
8,62,1,1,0.7104107362797432,Random_Forest
8,63,1,1,0.8705013927576601,Random_Forest
8,64,1,0,0.25,Random_Forest
8,65,1,1,0.92,Random_Forest
8,66,1,1,1.0,Random_Forest
8,67,0,0,0.03619272366022723,Random_Forest
8,68,1,1,0.9423928604681473,Random_Forest
8,69,1,1,0.9713821342051182,Random_Forest
8,70,0,0,0.07543918904780827,Random_Forest
8,71,1,1,1.0,Random_Forest
8,72,1,1,0.9417046581822244,Random_Forest
8,73,1,1,0.94,Random_Forest
8,74,0,0,0.0,Random_Forest
8,75,1,1,0.6964827351902885,Random_Forest
8,76,1,0,0.06369167368116949,Random_Forest
8,77,1,1,0.98,Random_Forest
8,78,1,1,1.0,Random_Forest
8,79,0,0,0.07543918904780827,Random_Forest
8,80,1,1,1.0,Random_Forest
8,81,1,1,1.0,Random_Forest
8,82,1,0,0.3863420196484534,Random_Forest
8,83,1,1,0.96,Random_Forest
8,84,0,0,0.0,Random_Forest
8,85,1,1,0.8419779467225357,Random_Forest
8,86,1,1,0.89,Random_Forest
8,87,1,1,0.8,Random_Forest
8,88,1,1,0.7842168103444758,Random_Forest
8,89,0,0,0.0,Random_Forest
8,90,1,1,0.6582119817424104,Random_Forest
8,91,1,1,1.0,Random_Forest
8,92,1,1,1.0,Random_Forest
8,93,0,0,0.1747478073526119,Random_Forest
8,94,1,1,0.84,Random_Forest
8,95,0,0,0.03619272366022723,Random_Forest
8,96,1,1,0.92,Random_Forest
8,97,1,1,0.9833333333333333,Random_Forest
8,98,1,1,0.91,Random_Forest
8,99,1,1,0.82,Random_Forest
8,100,1,1,1.0,Random_Forest
8,101,0,0,0.034895515532454395,Random_Forest
8,102,1,0,0.1712241746763107,Random_Forest
8,103,1,1,0.96,Random_Forest
8,104,1,1,0.98,Random_Forest
8,105,1,1,0.7734616306221007,Random_Forest
8,106,1,0,0.34493695887160425,Random_Forest
8,107,1,1,0.86,Random_Forest
8,108,1,1,0.7002209944751381,Random_Forest
8,109,0,1,0.5796666666666667,Random_Forest
8,110,1,0,0.1514750837937254,Random_Forest
8,111,1,1,0.92,Random_Forest
8,112,0,0,0.03619272366022723,Random_Forest
8,113,1,1,0.99,Random_Forest
8,114,0,0,0.12,Random_Forest
8,115,1,1,1.0,Random_Forest
8,116,1,0,0.03619272366022723,Random_Forest
8,117,1,1,1.0,Random_Forest
8,118,0,0,0.0,Random_Forest
8,119,1,0,0.4503005464480874,Random_Forest
8,120,0,0,0.03619272366022723,Random_Forest
8,121,1,1,0.9705234925573606,Random_Forest
8,122,1,0,0.247543980016796,Random_Forest
8,123,1,1,0.7608793896669396,Random_Forest
8,124,1,1,0.722595449484897,Random_Forest
8,125,1,0,0.0,Random_Forest
8,126,0,0,0.0,Random_Forest
8,127,1,1,0.98,Random_Forest
8,128,1,1,1.0,Random_Forest
8,129,0,1,0.808887432012432,Random_Forest
8,130,1,0,0.06689999770296949,Random_Forest
8,131,0,0,0.1324679765497407,Random_Forest
8,132,1,1,0.98,Random_Forest
8,133,1,1,0.99,Random_Forest
8,134,1,1,0.99,Random_Forest
8,135,1,1,0.9513242077737748,Random_Forest
8,136,0,0,0.0,Random_Forest
8,137,1,1,0.9302162162162162,Random_Forest
8,138,1,1,0.96,Random_Forest
8,139,1,1,0.5585714285714286,Random_Forest
8,140,1,0,0.2966985500812184,Random_Forest
8,141,1,1,0.9417329628783051,Random_Forest
8,142,1,1,0.8416811126803669,Random_Forest
8,143,0,0,0.0,Random_Forest
8,144,1,1,0.9806103925572951,Random_Forest
8,145,1,1,0.691581141481829,Random_Forest
8,146,0,0,0.03619272366022723,Random_Forest
8,147,1,1,0.66,Random_Forest
8,148,1,1,0.810463768115942,Random_Forest
8,149,1,1,0.9613300876892048,Random_Forest
8,150,1,1,0.8741679008379722,Random_Forest
8,151,0,0,0.03619272366022723,Random_Forest
8,152,0,0,0.1514750837937254,Random_Forest
8,153,1,1,0.930271002710027,Random_Forest
8,154,1,1,1.0,Random_Forest
8,155,1,1,1.0,Random_Forest
8,156,0,0,0.03619272366022723,Random_Forest
8,157,0,0,0.03619272366022723,Random_Forest
8,158,0,0,0.1328932178932178,Random_Forest
8,159,1,1,0.9705234925573606,Random_Forest
8,160,1,1,0.96,Random_Forest
8,161,1,1,0.6645675225571992,Random_Forest
8,162,0,0,0.0,Random_Forest
8,163,1,1,1.0,Random_Forest
8,164,1,1,0.9405226824457594,Random_Forest
8,165,1,1,0.8431104374158815,Random_Forest
8,166,0,0,0.0,Random_Forest
8,167,1,1,0.96,Random_Forest
8,168,1,1,1.0,Random_Forest
8,169,1,1,0.9307723994203748,Random_Forest
8,170,1,1,0.97,Random_Forest
8,171,1,1,0.98,Random_Forest
8,172,1,1,0.971024608124411,Random_Forest
8,173,0,0,0.03619272366022723,Random_Forest
8,174,1,1,0.9326600422785224,Random_Forest
8,175,1,1,0.97,Random_Forest
8,176,1,1,0.7580310171760816,Random_Forest
8,177,0,0,0.03619272366022723,Random_Forest
8,178,0,0,0.07486076302511716,Random_Forest
8,179,1,1,0.99,Random_Forest
8,180,1,1,0.8948346378677876,Random_Forest
8,181,1,1,0.7738424861500859,Random_Forest
8,182,0,0,0.03619272366022723,Random_Forest
8,183,1,1,0.9110523911570695,Random_Forest
8,184,0,0,0.07543918904780827,Random_Forest
8,185,1,0,0.09394655592156452,Random_Forest
8,186,1,1,0.9602608695652174,Random_Forest
8,187,1,1,0.8904899135446687,Random_Forest
9,0,1,0,0.4772093822923248,Random_Forest
9,1,0,0,0.03165145360737162,Random_Forest
9,2,0,0,0.0,Random_Forest
9,3,1,1,0.5666666666666667,Random_Forest
9,4,0,0,0.03165145360737162,Random_Forest
9,5,0,0,0.03165145360737162,Random_Forest
9,6,1,1,1.0,Random_Forest
9,7,1,1,0.881702209688302,Random_Forest
9,8,1,1,0.9323402583450183,Random_Forest
9,9,0,0,0.0,Random_Forest
9,10,1,1,0.95,Random_Forest
9,11,0,0,0.03165145360737162,Random_Forest
9,12,1,1,1.0,Random_Forest
9,13,1,1,1.0,Random_Forest
9,14,1,1,0.96,Random_Forest
9,15,1,1,1.0,Random_Forest
9,16,0,0,0.03165145360737162,Random_Forest
9,17,1,1,0.7766925272019773,Random_Forest
9,18,1,0,0.11896677264016545,Random_Forest
9,19,0,0,0.01,Random_Forest
9,20,1,0,0.4820731918961949,Random_Forest
9,21,1,1,0.6610768936875868,Random_Forest
9,22,1,1,0.8,Random_Forest
9,23,1,1,0.93,Random_Forest
9,24,1,1,0.96,Random_Forest
9,25,1,1,0.6150833333333333,Random_Forest
9,26,1,1,0.6417774886306166,Random_Forest
9,27,1,1,0.8198214285714286,Random_Forest
9,28,1,0,0.438547619047619,Random_Forest
9,29,1,1,0.99,Random_Forest
9,30,0,0,0.0033025887451040136,Random_Forest
9,31,1,0,0.11896677264016545,Random_Forest
9,32,1,0,0.49252257179527836,Random_Forest
9,33,1,1,0.9,Random_Forest
9,34,1,0,0.3924623769768505,Random_Forest
9,35,1,1,0.99,Random_Forest
9,36,0,0,0.03165145360737162,Random_Forest
9,37,1,1,0.95,Random_Forest
9,38,1,1,0.922138022642701,Random_Forest
9,39,1,1,1.0,Random_Forest
9,40,0,0,0.0,Random_Forest
9,41,1,1,0.85,Random_Forest
9,42,1,1,0.8163872190047189,Random_Forest
9,43,1,0,0.11896677264016545,Random_Forest
9,44,0,1,0.5968333333333333,Random_Forest
9,45,1,1,0.7480000000000001,Random_Forest
9,46,1,1,0.9977777777777778,Random_Forest
9,47,0,1,0.7771096681096681,Random_Forest
9,48,0,0,0.0,Random_Forest
9,49,1,1,0.99,Random_Forest
9,50,1,1,0.9805212492479352,Random_Forest
9,51,1,1,0.89,Random_Forest
9,52,0,0,0.17603607476706096,Random_Forest
9,53,1,1,0.9603002309468823,Random_Forest
9,54,0,0,0.0,Random_Forest
9,55,1,1,0.8727970102881352,Random_Forest
9,56,1,1,0.97,Random_Forest
9,57,1,1,0.5334804837164054,Random_Forest
9,58,0,0,0.03165145360737162,Random_Forest
9,59,1,1,0.94,Random_Forest
9,60,1,1,0.9,Random_Forest
9,61,1,1,0.841886740190252,Random_Forest
9,62,1,0,0.49155270569389126,Random_Forest
9,63,1,1,1.0,Random_Forest
9,64,1,1,1.0,Random_Forest
9,65,1,1,0.8703818615751789,Random_Forest
9,66,0,0,0.03165145360737162,Random_Forest
9,67,1,1,1.0,Random_Forest
9,68,0,0,0.0,Random_Forest
9,69,1,0,0.47628048458224925,Random_Forest
9,70,0,0,0.019599169272522893,Random_Forest
9,71,1,1,0.5139392325013159,Random_Forest
9,72,1,1,0.7223809523809525,Random_Forest
9,73,1,1,0.85,Random_Forest
9,74,1,1,0.97,Random_Forest
9,75,1,1,1.0,Random_Forest
9,76,1,1,0.97,Random_Forest
9,77,1,1,0.9502240896358544,Random_Forest
9,78,0,0,0.03165145360737162,Random_Forest
9,79,0,0,0.19,Random_Forest
9,80,1,1,0.9511133334648018,Random_Forest
9,81,1,1,1.0,Random_Forest
9,82,0,1,0.67,Random_Forest
9,83,1,1,0.99,Random_Forest
9,84,1,1,0.99,Random_Forest
9,85,1,1,0.9031402397131376,Random_Forest
9,86,1,0,0.21661616161616162,Random_Forest
9,87,0,0,0.03165145360737162,Random_Forest
9,88,1,1,0.9166666666666667,Random_Forest
9,89,1,0,0.03165145360737162,Random_Forest
9,90,1,1,0.99024,Random_Forest
9,91,1,1,1.0,Random_Forest
9,92,1,1,0.96,Random_Forest
9,93,1,1,0.9319710520428417,Random_Forest
9,94,1,1,0.99,Random_Forest
9,95,1,1,0.99,Random_Forest
9,96,0,0,0.0,Random_Forest
9,97,0,0,0.03165145360737162,Random_Forest
9,98,1,1,0.89,Random_Forest
9,99,1,0,0.43709266693581084,Random_Forest
9,100,1,1,1.0,Random_Forest
9,101,0,0,0.0,Random_Forest
9,102,0,0,0.03165145360737162,Random_Forest
9,103,1,0,0.07,Random_Forest
9,104,1,1,1.0,Random_Forest
9,105,1,1,0.95,Random_Forest
9,106,1,1,0.98,Random_Forest
9,107,0,0,0.03165145360737162,Random_Forest
9,108,1,0,0.09874445156805484,Random_Forest
9,109,1,1,0.99,Random_Forest
9,110,0,0,0.0,Random_Forest
9,111,1,1,0.99,Random_Forest
9,112,1,1,0.96,Random_Forest
9,113,1,1,0.5277422434383634,Random_Forest
9,114,1,1,0.9611404780791107,Random_Forest
9,115,1,1,1.0,Random_Forest
9,116,1,1,0.8401190476190475,Random_Forest
9,117,1,1,1.0,Random_Forest
9,118,1,1,0.9031857301112218,Random_Forest
9,119,1,1,0.8609459206217699,Random_Forest
9,120,1,1,0.97,Random_Forest
9,121,1,1,0.6,Random_Forest
9,122,1,0,0.07039042198178053,Random_Forest
9,123,1,1,0.761336101728867,Random_Forest
9,124,0,0,0.03165145360737162,Random_Forest
9,125,0,0,0.0,Random_Forest
9,126,0,0,0.03165145360737162,Random_Forest
9,127,0,0,0.0,Random_Forest
9,128,0,0,0.0,Random_Forest
9,129,1,1,0.940149625935162,Random_Forest
9,130,1,1,0.7771208441629414,Random_Forest
9,131,1,1,0.98,Random_Forest
9,132,1,1,0.990191256830601,Random_Forest
9,133,1,1,1.0,Random_Forest
9,134,1,1,0.9603571428571428,Random_Forest
9,135,1,0,0.06365003187939793,Random_Forest
9,136,1,1,1.0,Random_Forest
9,137,1,1,0.99024,Random_Forest
9,138,0,0,0.03165145360737162,Random_Forest
9,139,1,1,0.6677268523661009,Random_Forest
9,140,1,1,1.0,Random_Forest
9,141,0,0,0.03165145360737162,Random_Forest
9,142,0,0,0.2,Random_Forest
9,143,1,1,0.98,Random_Forest
9,144,1,1,1.0,Random_Forest
9,145,1,1,0.5000531033620131,Random_Forest
9,146,1,1,1.0,Random_Forest
9,147,1,1,0.99,Random_Forest
9,148,0,0,0.0,Random_Forest
9,149,1,1,0.920149625935162,Random_Forest
9,150,1,1,0.7771096681096681,Random_Forest
9,151,1,1,0.94,Random_Forest
9,152,0,0,0.03165145360737162,Random_Forest
9,153,1,0,0.15,Random_Forest
9,154,0,0,0.03165145360737162,Random_Forest
9,155,1,1,0.8017430689050076,Random_Forest
9,156,1,1,1.0,Random_Forest
9,157,1,0,0.38765599652653904,Random_Forest
9,158,1,1,0.99,Random_Forest
9,159,1,1,0.98,Random_Forest
9,160,1,1,0.79,Random_Forest
9,161,1,1,0.97,Random_Forest
9,162,1,1,0.96,Random_Forest
9,163,1,0,0.07039042198178053,Random_Forest
9,164,1,1,0.9319086553821456,Random_Forest
9,165,1,1,1.0,Random_Forest
9,166,1,1,0.9455992063492062,Random_Forest
9,167,1,1,0.9323402583450183,Random_Forest
9,168,1,1,0.9706393545506112,Random_Forest
9,169,1,0,0.1328002922340536,Random_Forest
9,170,0,0,0.02243365925612287,Random_Forest
9,171,1,1,1.0,Random_Forest
9,172,0,0,0.00912826751309092,Random_Forest
9,173,1,1,0.670626035511583,Random_Forest
9,174,1,1,0.95,Random_Forest
9,175,1,1,1.0,Random_Forest
9,176,0,0,0.03165145360737162,Random_Forest
9,177,1,1,1.0,Random_Forest
9,178,0,0,0.00912826751309092,Random_Forest
9,179,0,0,0.0014096768374072437,Random_Forest
9,180,1,1,1.0,Random_Forest
9,181,1,1,0.965,Random_Forest
9,182,1,1,1.0,Random_Forest
9,183,0,0,0.0,Random_Forest
9,184,1,1,0.99,Random_Forest
9,185,1,1,0.95,Random_Forest
9,186,1,0,0.06746842995269466,Random_Forest
10,0,0,0,0.012829509108970993,Random_Forest
10,1,1,1,0.8507184081728176,Random_Forest
10,2,0,0,0.028773409485833894,Random_Forest
10,3,1,1,0.99,Random_Forest
10,4,1,0,0.20289636211910314,Random_Forest
10,5,0,0,0.028773409485833894,Random_Forest
10,6,1,1,0.9609743273794479,Random_Forest
10,7,1,1,0.5925344178375858,Random_Forest
10,8,0,0,0.028773409485833894,Random_Forest
10,9,1,1,0.5437774262478101,Random_Forest
10,10,0,0,0.012829509108970993,Random_Forest
10,11,1,1,1.0,Random_Forest
10,12,0,0,0.0,Random_Forest
10,13,1,1,0.53,Random_Forest
10,14,1,0,0.1643388862627652,Random_Forest
10,15,1,1,0.9407625530389037,Random_Forest
10,16,0,0,0.4374912629381596,Random_Forest
10,17,1,1,0.6587226630030412,Random_Forest
10,18,1,1,1.0,Random_Forest
10,19,1,1,0.5716691686987336,Random_Forest
10,20,1,1,0.98,Random_Forest
10,21,1,1,0.92,Random_Forest
10,22,1,1,0.8702222222222222,Random_Forest
10,23,1,1,0.99,Random_Forest
10,24,1,0,0.4610000000000001,Random_Forest
10,25,1,1,0.92,Random_Forest
10,26,1,1,0.98,Random_Forest
10,27,0,0,0.0,Random_Forest
10,28,1,1,0.9903155339805825,Random_Forest
10,29,1,1,0.9966666666666666,Random_Forest
10,30,1,1,0.9903554502369668,Random_Forest
10,31,1,1,1.0,Random_Forest
10,32,1,0,0.3486601923829792,Random_Forest
10,33,1,1,0.82,Random_Forest
10,34,1,1,0.85,Random_Forest
10,35,0,0,0.028773409485833894,Random_Forest
10,36,1,1,0.97,Random_Forest
10,37,0,0,0.03,Random_Forest
10,38,0,0,0.0796348771066073,Random_Forest
10,39,1,1,0.97,Random_Forest
10,40,0,0,0.028773409485833894,Random_Forest
10,41,1,1,1.0,Random_Forest
10,42,1,1,0.97,Random_Forest
10,43,1,1,0.98,Random_Forest
10,44,1,1,0.9407625530389037,Random_Forest
10,45,1,1,0.7662520812520812,Random_Forest
10,46,1,1,0.92,Random_Forest
10,47,1,1,1.0,Random_Forest
10,48,1,1,1.0,Random_Forest
10,49,1,1,1.0,Random_Forest
10,50,1,1,1.0,Random_Forest
10,51,1,1,0.5653333333333334,Random_Forest
10,52,1,1,1.0,Random_Forest
10,53,1,0,0.1475,Random_Forest
10,54,1,0,0.13,Random_Forest
10,55,1,1,0.89,Random_Forest
10,56,1,1,0.8016113561911928,Random_Forest
10,57,0,0,0.0,Random_Forest
10,58,0,0,0.0,Random_Forest
10,59,1,1,0.6511554331837981,Random_Forest
10,60,1,1,0.9903554502369668,Random_Forest
10,61,1,0,0.40747617296164323,Random_Forest
10,62,1,1,0.7107260282242476,Random_Forest
10,63,1,1,0.9902600472813239,Random_Forest
10,64,0,0,0.2115367972378592,Random_Forest
10,65,1,1,0.94,Random_Forest
10,66,1,1,1.0,Random_Forest
10,67,1,1,0.9511896355013353,Random_Forest
10,68,1,1,1.0,Random_Forest
10,69,0,0,0.028773409485833894,Random_Forest
10,70,1,1,0.6001149425287357,Random_Forest
10,71,1,1,0.5276933860320334,Random_Forest
10,72,1,1,0.852551162076364,Random_Forest
10,73,0,1,0.8526149808938429,Random_Forest
10,74,0,0,0.0,Random_Forest
10,75,0,0,0.028773409485833894,Random_Forest
10,76,1,1,0.98,Random_Forest
10,77,1,1,1.0,Random_Forest
10,78,0,0,0.028773409485833894,Random_Forest
10,79,1,1,0.8345943664427707,Random_Forest
10,80,0,0,0.0,Random_Forest
10,81,1,1,0.98,Random_Forest
10,82,0,0,0.0,Random_Forest
10,83,1,1,0.9807148938758136,Random_Forest
10,84,1,1,0.97,Random_Forest
10,85,1,1,0.98,Random_Forest
10,86,0,0,0.0,Random_Forest
10,87,1,1,0.89,Random_Forest
10,88,0,0,0.0,Random_Forest
10,89,1,1,0.96,Random_Forest
10,90,1,1,0.97,Random_Forest
10,91,1,1,0.85,Random_Forest
10,92,1,1,0.91,Random_Forest
10,93,1,1,1.0,Random_Forest
10,94,1,0,0.028773409485833894,Random_Forest
10,95,1,1,1.0,Random_Forest
10,96,1,1,0.89,Random_Forest
10,97,1,1,0.99,Random_Forest
10,98,0,0,0.05,Random_Forest
10,99,1,1,0.97,Random_Forest
10,100,0,0,0.0,Random_Forest
10,101,1,0,0.29,Random_Forest
10,102,1,1,0.98,Random_Forest
10,103,1,1,1.0,Random_Forest
10,104,1,1,1.0,Random_Forest
10,105,1,1,1.0,Random_Forest
10,106,1,1,1.0,Random_Forest
10,107,1,1,1.0,Random_Forest
10,108,1,1,0.7154824183020331,Random_Forest
10,109,1,1,0.8802261306532664,Random_Forest
10,110,1,0,0.2968333333333334,Random_Forest
10,111,0,0,0.16,Random_Forest
10,112,0,1,0.6322142857142854,Random_Forest
10,113,1,1,1.0,Random_Forest
10,114,1,1,1.0,Random_Forest
10,115,1,1,0.99,Random_Forest
10,116,1,0,0.028773409485833894,Random_Forest
10,117,1,1,1.0,Random_Forest
10,118,1,1,0.99,Random_Forest
10,119,1,1,0.9127370561907268,Random_Forest
10,120,1,1,0.9316425353838104,Random_Forest
10,121,1,1,1.0,Random_Forest
10,122,0,0,0.0,Random_Forest
10,123,1,1,1.0,Random_Forest
10,124,1,1,0.97,Random_Forest
10,125,1,1,0.92,Random_Forest
10,126,1,0,0.0,Random_Forest
10,127,1,1,0.970505614973262,Random_Forest
10,128,1,1,0.9705457875457876,Random_Forest
10,129,1,1,0.9001149425287356,Random_Forest
10,130,1,1,1.0,Random_Forest
10,131,1,0,0.2737122131716297,Random_Forest
10,132,0,0,0.012829509108970993,Random_Forest
10,133,1,1,0.89,Random_Forest
10,134,1,1,0.98,Random_Forest
10,135,1,1,0.990473933649289,Random_Forest
10,136,1,1,0.97,Random_Forest
10,137,1,0,0.1,Random_Forest
10,138,1,1,0.7066666666666666,Random_Forest
10,139,1,1,0.82,Random_Forest
10,140,0,0,0.48,Random_Forest
10,141,0,0,0.012829509108970993,Random_Forest
10,142,0,0,0.0,Random_Forest
10,143,1,1,0.5143321510601484,Random_Forest
10,144,1,1,0.98,Random_Forest
10,145,1,0,0.2594909739629127,Random_Forest
10,146,0,0,0.0,Random_Forest
10,147,1,1,0.9805873270656577,Random_Forest
10,148,1,1,0.97,Random_Forest
10,149,1,1,0.9505353866317169,Random_Forest
10,150,0,0,0.028773409485833894,Random_Forest
10,151,1,1,0.84,Random_Forest
10,152,1,1,0.9768693693693693,Random_Forest
10,153,1,1,0.6837539682539681,Random_Forest
10,154,1,1,0.72,Random_Forest
10,155,1,1,0.98,Random_Forest
10,156,0,0,0.00022222222222222223,Random_Forest
10,157,0,0,0.0,Random_Forest
10,158,1,1,0.9804110360360362,Random_Forest
10,159,1,1,1.0,Random_Forest
10,160,1,1,0.95,Random_Forest
10,161,1,1,0.89,Random_Forest
10,162,1,1,0.8,Random_Forest
10,163,1,1,0.92,Random_Forest
10,164,1,1,0.97,Random_Forest
10,165,1,1,0.9802898550724638,Random_Forest
10,166,0,0,0.01,Random_Forest
10,167,1,1,0.86,Random_Forest
10,168,0,0,0.028773409485833894,Random_Forest
10,169,0,0,0.028773409485833894,Random_Forest
10,170,1,1,0.99,Random_Forest
10,171,0,0,0.0,Random_Forest
10,172,0,0,0.0,Random_Forest
10,173,0,0,0.012829509108970993,Random_Forest
10,174,0,0,0.028773409485833894,Random_Forest
10,175,1,0,0.34911958519049463,Random_Forest
10,176,1,1,1.0,Random_Forest
10,177,0,0,0.028773409485833894,Random_Forest
10,178,0,1,0.74,Random_Forest
10,179,1,1,0.99,Random_Forest
10,180,1,1,0.9203167420814481,Random_Forest
10,181,1,1,0.91,Random_Forest
10,182,1,1,0.97,Random_Forest
10,183,0,0,0.028773409485833894,Random_Forest
10,184,1,1,1.0,Random_Forest
10,185,1,1,1.0,Random_Forest
10,186,1,0,0.25152827259293975,Random_Forest
